slogan,niche,item_name,keywords,font
Amazing Girls Are Named Mia,Mia,Novelty Mug for Girls Named Mia - Gifts for Baby Girls/Friends/Women,"baby coffee mug, gifts for baby girls, baby shower gifts, gifts for girls, coffee gift for women",amatic
Amazing Girls Are Named Mila,Mila,Novelty Mug for Girls Named Mila - Gifts for Baby Girls/Friends/Women,"baby coffee mug, gifts for baby girls, baby shower gifts, gifts for girls, coffee gift for women",amatic
Amazing Girls Are Named Maya,Maya,Novelty Mug for Girls Named Maya - Gifts for Baby Girls/Friends/Women,"baby coffee mug, gifts for baby girls, baby shower gifts, gifts for girls, coffee gift for women",amatic
Amazing Girls Are Named Madelyn,Madelyn,Novelty Mug for Girls Named Madelyn - Gifts for Baby Girls/Friends/Women,"baby coffee mug, gifts for baby girls, baby shower gifts, gifts for girls, coffee gift for women",amatic
Amazing Girls Are Named Madeline,Madeline,Novelty Mug for Girls Named Madeline - Gifts for Baby Girls/Friends/Women,"baby coffee mug, gifts for baby girls, baby shower gifts, gifts for girls, coffee gift for women",amatic
Amazing Girls Are Named Melanie,Melanie,Novelty Mug for Girls Named Melanie - Gifts for Baby Girls/Friends/Women,"baby coffee mug, gifts for baby girls, baby shower gifts, gifts for girls, coffee gift for women",amatic
Amazing Girls Are Named Margaret,Margaret,Novelty Mug for Girls Named Margaret - Gifts for Baby Girls/Friends/Women,"baby coffee mug, gifts for baby girls, baby shower gifts, gifts for girls, coffee gift for women",amatic
Amazing Girls Are Named Melody,Melody,Novelty Mug for Girls Named Melody - Gifts for Baby Girls/Friends/Women,"baby coffee mug, gifts for baby girls, baby shower gifts, gifts for girls, coffee gift for women",amatic
Amazing Girls Are Named Molly,Molly,Novelty Mug for Girls Named Molly - Gifts for Baby Girls/Friends/Women,"baby coffee mug, gifts for baby girls, baby shower gifts, gifts for girls, coffee gift for women",amatic
Amazing Girls Are Named Mya,Mya,Novelty Mug for Girls Named Mya - Gifts for Baby Girls/Friends/Women,"baby coffee mug, gifts for baby girls, baby shower gifts, gifts for girls, coffee gift for women",amatic
Amazing Girls Are Named Mariah,Mariah,Novelty Mug for Girls Named Mariah - Gifts for Baby Girls/Friends/Women,"baby coffee mug, gifts for baby girls, baby shower gifts, gifts for girls, coffee gift for women",amatic
Amazing Girls Are Named Makayla,Makayla,Novelty Mug for Girls Named Makayla - Gifts for Baby Girls/Friends/Women,"baby coffee mug, gifts for baby girls, baby shower gifts, gifts for girls, coffee gift for women",amatic
Amazing Girls Are Named Malia,Malia,Novelty Mug for Girls Named Malia - Gifts for Baby Girls/Friends/Women,"baby coffee mug, gifts for baby girls, baby shower gifts, gifts for girls, coffee gift for women",amatic
Amazing Girls Are Named Michelle,Michelle,Novelty Mug for Girls Named Michelle - Gifts for Baby Girls/Friends/Women,"baby coffee mug, gifts for baby girls, baby shower gifts, gifts for girls, coffee gift for women",amatic
Amazing Girls Are Named Myla,Myla,Novelty Mug for Girls Named Myla - Gifts for Baby Girls/Friends/Women,"baby coffee mug, gifts for baby girls, baby shower gifts, gifts for girls, coffee gift for women",amatic
Amazing Girls Are Named Mariana,Mariana,Novelty Mug for Girls Named Mariana - Gifts for Baby Girls/Friends/Women,"baby coffee mug, gifts for baby girls, baby shower gifts, gifts for girls, coffee gift for women",amatic
Amazing Girls Are Named Maggie,Maggie,Novelty Mug for Girls Named Maggie - Gifts for Baby Girls/Friends/Women,"baby coffee mug, gifts for baby girls, baby shower gifts, gifts for girls, coffee gift for women",amatic
Amazing Girls Are Named Melissa,Melissa,Novelty Mug for Girls Named Melissa - Gifts for Baby Girls/Friends/Women,"baby coffee mug, gifts for baby girls, baby shower gifts, gifts for girls, coffee gift for women",amatic
Amazing Girls Are Named Miriam,Miriam,Novelty Mug for Girls Named Miriam - Gifts for Baby Girls/Friends/Women,"baby coffee mug, gifts for baby girls, baby shower gifts, gifts for girls, coffee gift for women",amatic
Amazing Girls Are Named Millie,Millie,Novelty Mug for Girls Named Millie - Gifts for Baby Girls/Friends/Women,"baby coffee mug, gifts for baby girls, baby shower gifts, gifts for girls, coffee gift for women",amatic
Amazing Girls Are Named Magnolia,Magnolia,Novelty Mug for Girls Named Magnolia - Gifts for Baby Girls/Friends/Women,"baby coffee mug, gifts for baby girls, baby shower gifts, gifts for girls, coffee gift for women",amatic
Amazing Girls Are Named Makenzie,Makenzie,Novelty Mug for Girls Named Makenzie - Gifts for Baby Girls/Friends/Women,"baby coffee mug, gifts for baby girls, baby shower gifts, gifts for girls, coffee gift for women",amatic
Amazing Girls Are Named Madilyn,Madilyn,Novelty Mug for Girls Named Madilyn - Gifts for Baby Girls/Friends/Women,"baby coffee mug, gifts for baby girls, baby shower gifts, gifts for girls, coffee gift for women",amatic
Amazing Girls Are Named Maeve,Maeve,Novelty Mug for Girls Named Maeve - Gifts for Baby Girls/Friends/Women,"baby coffee mug, gifts for baby girls, baby shower gifts, gifts for girls, coffee gift for women",amatic
Amazing Girls Are Named Maci,Maci,Novelty Mug for Girls Named Maci - Gifts for Baby Girls/Friends/Women,"baby coffee mug, gifts for baby girls, baby shower gifts, gifts for girls, coffee gift for women",amatic
Amazing Girls Are Named Margot,Margot,Novelty Mug for Girls Named Margot - Gifts for Baby Girls/Friends/Women,"baby coffee mug, gifts for baby girls, baby shower gifts, gifts for girls, coffee gift for women",amatic
Amazing Girls Are Named Miranda,Miranda,Novelty Mug for Girls Named Miranda - Gifts for Baby Girls/Friends/Women,"baby coffee mug, gifts for baby girls, baby shower gifts, gifts for girls, coffee gift for women",amatic
Amazing Girls Are Named Madeleine,Madeleine,Novelty Mug for Girls Named Madeleine - Gifts for Baby Girls/Friends/Women,"baby coffee mug, gifts for baby girls, baby shower gifts, gifts for girls, coffee gift for women",amatic
Amazing Girls Are Named Mikayla,Mikayla,Novelty Mug for Girls Named Mikayla - Gifts for Baby Girls/Friends/Women,"baby coffee mug, gifts for baby girls, baby shower gifts, gifts for girls, coffee gift for women",amatic
Amazing Girls Are Named Mabel,Mabel,Novelty Mug for Girls Named Mabel - Gifts for Baby Girls/Friends/Women,"baby coffee mug, gifts for baby girls, baby shower gifts, gifts for girls, coffee gift for women",amatic
Amazing Girls Are Named Marlee,Marlee,Novelty Mug for Girls Named Marlee - Gifts for Baby Girls/Friends/Women,"baby coffee mug, gifts for baby girls, baby shower gifts, gifts for girls, coffee gift for women",amatic
Amazing Girls Are Named Mira,Mira,Novelty Mug for Girls Named Mira - Gifts for Baby Girls/Friends/Women,"baby coffee mug, gifts for baby girls, baby shower gifts, gifts for girls, coffee gift for women",amatic
Amazing Girls Are Named Madelynn,Madelynn,Novelty Mug for Girls Named Madelynn - Gifts for Baby Girls/Friends/Women,"baby coffee mug, gifts for baby girls, baby shower gifts, gifts for girls, coffee gift for women",amatic
Amazing Girls Are Named Matilda,Matilda,Novelty Mug for Girls Named Matilda - Gifts for Baby Girls/Friends/Women,"baby coffee mug, gifts for baby girls, baby shower gifts, gifts for girls, coffee gift for women",amatic
Amazing Girls Are Named Myra,Myra,Novelty Mug for Girls Named Myra - Gifts for Baby Girls/Friends/Women,"baby coffee mug, gifts for baby girls, baby shower gifts, gifts for girls, coffee gift for women",amatic
Amazing Girls Are Named Maisie,Maisie,Novelty Mug for Girls Named Maisie - Gifts for Baby Girls/Friends/Women,"baby coffee mug, gifts for baby girls, baby shower gifts, gifts for girls, coffee gift for women",amatic
Amazing Girls Are Named Meadow,Meadow,Novelty Mug for Girls Named Meadow - Gifts for Baby Girls/Friends/Women,"baby coffee mug, gifts for baby girls, baby shower gifts, gifts for girls, coffee gift for women",amatic
Amazing Girls Are Named Michaela,Michaela,Novelty Mug for Girls Named Michaela - Gifts for Baby Girls/Friends/Women,"baby coffee mug, gifts for baby girls, baby shower gifts, gifts for girls, coffee gift for women",amatic
Amazing Girls Are Named Megan,Megan,Novelty Mug for Girls Named Megan - Gifts for Baby Girls/Friends/Women,"baby coffee mug, gifts for baby girls, baby shower gifts, gifts for girls, coffee gift for women",amatic
Amazing Girls Are Named Mariam,Mariam,Novelty Mug for Girls Named Mariam - Gifts for Baby Girls/Friends/Women,"baby coffee mug, gifts for baby girls, baby shower gifts, gifts for girls, coffee gift for women",amatic
Amazing Girls Are Named Macie,Macie,Novelty Mug for Girls Named Macie - Gifts for Baby Girls/Friends/Women,"baby coffee mug, gifts for baby girls, baby shower gifts, gifts for girls, coffee gift for women",amatic
Amazing Girls Are Named Mae,Mae,Novelty Mug for Girls Named Mae - Gifts for Baby Girls/Friends/Women,"baby coffee mug, gifts for baby girls, baby shower gifts, gifts for girls, coffee gift for women",amatic
Amazing Girls Are Named Maryam,Maryam,Novelty Mug for Girls Named Maryam - Gifts for Baby Girls/Friends/Women,"baby coffee mug, gifts for baby girls, baby shower gifts, gifts for girls, coffee gift for women",amatic
Amazing Girls Are Named Monica,Monica,Novelty Mug for Girls Named Monica - Gifts for Baby Girls/Friends/Women,"baby coffee mug, gifts for baby girls, baby shower gifts, gifts for girls, coffee gift for women",amatic
Amazing Girls Are Named Maren,Maren,Novelty Mug for Girls Named Maren - Gifts for Baby Girls/Friends/Women,"baby coffee mug, gifts for baby girls, baby shower gifts, gifts for girls, coffee gift for women",amatic
Amazing Girls Are Named Marilyn,Marilyn,Novelty Mug for Girls Named Marilyn - Gifts for Baby Girls/Friends/Women,"baby coffee mug, gifts for baby girls, baby shower gifts, gifts for girls, coffee gift for women",amatic
Amazing Girls Are Named Mina,Mina,Novelty Mug for Girls Named Mina - Gifts for Baby Girls/Friends/Women,"baby coffee mug, gifts for baby girls, baby shower gifts, gifts for girls, coffee gift for women",amatic
Amazing Girls Are Named Melany,Melany,Novelty Mug for Girls Named Melany - Gifts for Baby Girls/Friends/Women,"baby coffee mug, gifts for baby girls, baby shower gifts, gifts for girls, coffee gift for women",amatic
Amazing Girls Are Named Melina,Melina,Novelty Mug for Girls Named Melina - Gifts for Baby Girls/Friends/Women,"baby coffee mug, gifts for baby girls, baby shower gifts, gifts for girls, coffee gift for women",amatic
Amazing Girls Are Named Madisyn,Madisyn,Novelty Mug for Girls Named Madisyn - Gifts for Baby Girls/Friends/Women,"baby coffee mug, gifts for baby girls, baby shower gifts, gifts for girls, coffee gift for women",amatic
Amazing Girls Are Named Mikaela,Mikaela,Novelty Mug for Girls Named Mikaela - Gifts for Baby Girls/Friends/Women,"baby coffee mug, gifts for baby girls, baby shower gifts, gifts for girls, coffee gift for women",amatic
Amazing Girls Are Named Mara,Mara,Novelty Mug for Girls Named Mara - Gifts for Baby Girls/Friends/Women,"baby coffee mug, gifts for baby girls, baby shower gifts, gifts for girls, coffee gift for women",amatic
Amazing Girls Are Named Marina,Marina,Novelty Mug for Girls Named Marina - Gifts for Baby Girls/Friends/Women,"baby coffee mug, gifts for baby girls, baby shower gifts, gifts for girls, coffee gift for women",amatic
Amazing Girls Are Named Meghan,Meghan,Novelty Mug for Girls Named Meghan - Gifts for Baby Girls/Friends/Women,"baby coffee mug, gifts for baby girls, baby shower gifts, gifts for girls, coffee gift for women",amatic
Amazing Girls Are Named Mercy,Mercy,Novelty Mug for Girls Named Mercy - Gifts for Baby Girls/Friends/Women,"baby coffee mug, gifts for baby girls, baby shower gifts, gifts for girls, coffee gift for women",amatic
Amazing Girls Are Named Madalyn,Madalyn,Novelty Mug for Girls Named Madalyn - Gifts for Baby Girls/Friends/Women,"baby coffee mug, gifts for baby girls, baby shower gifts, gifts for girls, coffee gift for women",amatic
Amazing Girls Are Named Milana,Milana,Novelty Mug for Girls Named Milana - Gifts for Baby Girls/Friends/Women,"baby coffee mug, gifts for baby girls, baby shower gifts, gifts for girls, coffee gift for women",amatic
Amazing Girls Are Named Martha,Martha,Novelty Mug for Girls Named Martha - Gifts for Baby Girls/Friends/Women,"baby coffee mug, gifts for baby girls, baby shower gifts, gifts for girls, coffee gift for women",amatic
Amazing Girls Are Named Maleah,Maleah,Novelty Mug for Girls Named Maleah - Gifts for Baby Girls/Friends/Women,"baby coffee mug, gifts for baby girls, baby shower gifts, gifts for girls, coffee gift for women",amatic
Amazing Girls Are Named Milena,Milena,Novelty Mug for Girls Named Milena - Gifts for Baby Girls/Friends/Women,"baby coffee mug, gifts for baby girls, baby shower gifts, gifts for girls, coffee gift for women",amatic